,name,grass,fire,dark,fairy,ground,ice,water,steel,electric,rock,psychic,poison,flying,ghost,normal,bug,dragon,fighting
0,bulbasaur,1,0,0,0,0,0,0,0,0,0,0,1,0,0,0,0,0,0
1,ivysaur,1,0,0,0,0,0,0,0,0,0,0,1,0,0,0,0,0,0
2,venusaur,1,0,0,0,0,0,0,0,0,0,0,1,0,0,0,0,0,0
3,charmander,0,1,0,0,0,0,0,0,0,0,0,0,0,0,0,0,0,0
4,charmeleon,0,1,0,0,0,0,0,0,0,0,0,0,0,0,0,0,0,0
5,charizard,0,1,0,0,0,0,0,0,0,0,0,0,1,0,0,0,0,0
6,squirtle,0,0,0,0,0,0,1,0,0,0,0,0,0,0,0,0,0,0
7,wartortle,0,0,0,0,0,0,1,0,0,0,0,0,0,0,0,0,0,0
8,blastoise,0,0,0,0,0,0,1,0,0,0,0,0,0,0,0,0,0,0
9,caterpie,0,0,0,0,0,0,0,0,0,0,0,0,0,0,0,1,0,0
10,metapod,0,0,0,0,0,0,0,0,0,0,0,0,0,0,0,1,0,0
11,butterfree,0,0,0,0,0,0,0,0,0,0,0,0,1,0,0,1,0,0
12,weedle,0,0,0,0,0,0,0,0,0,0,0,1,0,0,0,1,0,0
13,kakuna,0,0,0,0,0,0,0,0,0,0,0,1,0,0,0,1,0,0
14,beedrill,0,0,0,0,0,0,0,0,0,0,0,1,0,0,0,1,0,0
15,pidgey,0,0,0,0,0,0,0,0,0,0,0,0,1,0,1,0,0,0
16,pidgeotto,0,0,0,0,0,0,0,0,0,0,0,0,1,0,1,0,0,0
17,pidgeot,0,0,0,0,0,0,0,0,0,0,0,0,1,0,1,0,0,0
18,rattata,0,0,0,0,0,0,0,0,0,0,0,0,0,0,1,0,0,0
19,raticate,0,0,0,0,0,0,0,0,0,0,0,0,0,0,1,0,0,0
20,spearow,0,0,0,0,0,0,0,0,0,0,0,0,1,0,1,0,0,0
21,fearow,0,0,0,0,0,0,0,0,0,0,0,0,1,0,1,0,0,0
22,ekans,0,0,0,0,0,0,0,0,0,0,0,1,0,0,0,0,0,0
23,arbok,0,0,0,0,0,0,0,0,0,0,0,1,0,0,0,0,0,0
24,pikachu,0,0,0,0,0,0,0,0,1,0,0,0,0,0,0,0,0,0
25,raichu,0,0,0,0,0,0,0,0,1,0,0,0,0,0,0,0,0,0
26,sandshrew,0,0,0,0,1,0,0,0,0,0,0,0,0,0,0,0,0,0
27,sandslash,0,0,0,0,1,0,0,0,0,0,0,0,0,0,0,0,0,0
28,nidoran-f,0,0,0,0,0,0,0,0,0,0,0,1,0,0,0,0,0,0
29,nidorina,0,0,0,0,0,0,0,0,0,0,0,1,0,0,0,0,0,0
30,nidoqueen,0,0,0,0,1,0,0,0,0,0,0,1,0,0,0,0,0,0
31,nidoran-m,0,0,0,0,0,0,0,0,0,0,0,1,0,0,0,0,0,0
32,nidorino,0,0,0,0,0,0,0,0,0,0,0,1,0,0,0,0,0,0
33,nidoking,0,0,0,0,1,0,0,0,0,0,0,1,0,0,0,0,0,0
34,clefairy,0,0,0,1,0,0,0,0,0,0,0,0,0,0,0,0,0,0
35,clefable,0,0,0,1,0,0,0,0,0,0,0,0,0,0,0,0,0,0
36,vulpix,0,1,0,0,0,0,0,0,0,0,0,0,0,0,0,0,0,0
37,ninetales,0,1,0,0,0,0,0,0,0,0,0,0,0,0,0,0,0,0
38,jigglypuff,0,0,0,1,0,0,0,0,0,0,0,0,0,0,1,0,0,0
39,wigglytuff,0,0,0,1,0,0,0,0,0,0,0,0,0,0,1,0,0,0
40,zubat,0,0,0,0,0,0,0,0,0,0,0,1,1,0,0,0,0,0
41,golbat,0,0,0,0,0,0,0,0,0,0,0,1,1,0,0,0,0,0
42,oddish,1,0,0,0,0,0,0,0,0,0,0,1,0,0,0,0,0,0
43,gloom,1,0,0,0,0,0,0,0,0,0,0,1,0,0,0,0,0,0
44,vileplume,1,0,0,0,0,0,0,0,0,0,0,1,0,0,0,0,0,0
45,paras,1,0,0,0,0,0,0,0,0,0,0,0,0,0,0,1,0,0
46,parasect,1,0,0,0,0,0,0,0,0,0,0,0,0,0,0,1,0,0
47,venonat,0,0,0,0,0,0,0,0,0,0,0,1,0,0,0,1,0,0
48,venomoth,0,0,0,0,0,0,0,0,0,0,0,1,0,0,0,1,0,0
49,diglett,0,0,0,0,1,0,0,0,0,0,0,0,0,0,0,0,0,0
50,dugtrio,0,0,0,0,1,0,0,0,0,0,0,0,0,0,0,0,0,0
51,meowth,0,0,0,0,0,0,0,0,0,0,0,0,0,0,1,0,0,0
52,persian,0,0,0,0,0,0,0,0,0,0,0,0,0,0,1,0,0,0
53,psyduck,0,0,0,0,0,0,1,0,0,0,0,0,0,0,0,0,0,0
54,golduck,0,0,0,0,0,0,1,0,0,0,0,0,0,0,0,0,0,0
55,mankey,0,0,0,0,0,0,0,0,0,0,0,0,0,0,0,0,0,1
56,primeape,0,0,0,0,0,0,0,0,0,0,0,0,0,0,0,0,0,1
57,growlithe,0,1,0,0,0,0,0,0,0,0,0,0,0,0,0,0,0,0
58,arcanine,0,1,0,0,0,0,0,0,0,0,0,0,0,0,0,0,0,0
59,poliwag,0,0,0,0,0,0,1,0,0,0,0,0,0,0,0,0,0,0
60,poliwhirl,0,0,0,0,0,0,1,0,0,0,0,0,0,0,0,0,0,0
61,poliwrath,0,0,0,0,0,0,1,0,0,0,0,0,0,0,0,0,0,1
62,abra,0,0,0,0,0,0,0,0,0,0,1,0,0,0,0,0,0,0
63,kadabra,0,0,0,0,0,0,0,0,0,0,1,0,0,0,0,0,0,0
64,alakazam,0,0,0,0,0,0,0,0,0,0,1,0,0,0,0,0,0,0
65,machop,0,0,0,0,0,0,0,0,0,0,0,0,0,0,0,0,0,1
66,machoke,0,0,0,0,0,0,0,0,0,0,0,0,0,0,0,0,0,1
67,machamp,0,0,0,0,0,0,0,0,0,0,0,0,0,0,0,0,0,1
68,bellsprout,1,0,0,0,0,0,0,0,0,0,0,1,0,0,0,0,0,0
69,weepinbell,1,0,0,0,0,0,0,0,0,0,0,1,0,0,0,0,0,0
70,victreebel,1,0,0,0,0,0,0,0,0,0,0,1,0,0,0,0,0,0
71,tentacool,0,0,0,0,0,0,1,0,0,0,0,1,0,0,0,0,0,0
72,tentacruel,0,0,0,0,0,0,1,0,0,0,0,1,0,0,0,0,0,0
73,geodude,0,0,0,0,1,0,0,0,0,1,0,0,0,0,0,0,0,0
74,graveler,0,0,0,0,1,0,0,0,0,1,0,0,0,0,0,0,0,0
75,golem,0,0,0,0,1,0,0,0,0,1,0,0,0,0,0,0,0,0
76,ponyta,0,1,0,0,0,0,0,0,0,0,0,0,0,0,0,0,0,0
77,rapidash,0,1,0,0,0,0,0,0,0,0,0,0,0,0,0,0,0,0
78,slowpoke,0,0,0,0,0,0,1,0,0,0,1,0,0,0,0,0,0,0
79,slowbro,0,0,0,0,0,0,1,0,0,0,1,0,0,0,0,0,0,0
80,magnemite,0,0,0,0,0,0,0,1,1,0,0,0,0,0,0,0,0,0
81,magneton,0,0,0,0,0,0,0,1,1,0,0,0,0,0,0,0,0,0
82,farfetchd,0,0,0,0,0,0,0,0,0,0,0,0,1,0,1,0,0,0
83,doduo,0,0,0,0,0,0,0,0,0,0,0,0,1,0,1,0,0,0
84,dodrio,0,0,0,0,0,0,0,0,0,0,0,0,1,0,1,0,0,0
85,seel,0,0,0,0,0,0,1,0,0,0,0,0,0,0,0,0,0,0
86,dewgong,0,0,0,0,0,1,1,0,0,0,0,0,0,0,0,0,0,0
87,grimer,0,0,0,0,0,0,0,0,0,0,0,1,0,0,0,0,0,0
88,muk,0,0,0,0,0,0,0,0,0,0,0,1,0,0,0,0,0,0
89,shellder,0,0,0,0,0,0,1,0,0,0,0,0,0,0,0,0,0,0
90,cloyster,0,0,0,0,0,1,1,0,0,0,0,0,0,0,0,0,0,0
91,gastly,0,0,0,0,0,0,0,0,0,0,0,1,0,1,0,0,0,0
92,haunter,0,0,0,0,0,0,0,0,0,0,0,1,0,1,0,0,0,0
93,gengar,0,0,0,0,0,0,0,0,0,0,0,1,0,1,0,0,0,0
94,onix,0,0,0,0,1,0,0,0,0,1,0,0,0,0,0,0,0,0
95,drowzee,0,0,0,0,0,0,0,0,0,0,1,0,0,0,0,0,0,0
96,hypno,0,0,0,0,0,0,0,0,0,0,1,0,0,0,0,0,0,0
97,krabby,0,0,0,0,0,0,1,0,0,0,0,0,0,0,0,0,0,0
98,kingler,0,0,0,0,0,0,1,0,0,0,0,0,0,0,0,0,0,0
99,voltorb,0,0,0,0,0,0,0,0,1,0,0,0,0,0,0,0,0,0
100,electrode,0,0,0,0,0,0,0,0,1,0,0,0,0,0,0,0,0,0
101,exeggcute,1,0,0,0,0,0,0,0,0,0,1,0,0,0,0,0,0,0
102,exeggutor,1,0,0,0,0,0,0,0,0,0,1,0,0,0,0,0,0,0
103,cubone,0,0,0,0,1,0,0,0,0,0,0,0,0,0,0,0,0,0
104,marowak,0,0,0,0,1,0,0,0,0,0,0,0,0,0,0,0,0,0
105,hitmonlee,0,0,0,0,0,0,0,0,0,0,0,0,0,0,0,0,0,1
106,hitmonchan,0,0,0,0,0,0,0,0,0,0,0,0,0,0,0,0,0,1
107,lickitung,0,0,0,0,0,0,0,0,0,0,0,0,0,0,1,0,0,0
108,koffing,0,0,0,0,0,0,0,0,0,0,0,1,0,0,0,0,0,0
109,weezing,0,0,0,0,0,0,0,0,0,0,0,1,0,0,0,0,0,0
110,rhyhorn,0,0,0,0,1,0,0,0,0,1,0,0,0,0,0,0,0,0
111,rhydon,0,0,0,0,1,0,0,0,0,1,0,0,0,0,0,0,0,0
112,chansey,0,0,0,0,0,0,0,0,0,0,0,0,0,0,1,0,0,0
113,tangela,1,0,0,0,0,0,0,0,0,0,0,0,0,0,0,0,0,0
114,kangaskhan,0,0,0,0,0,0,0,0,0,0,0,0,0,0,1,0,0,0
115,horsea,0,0,0,0,0,0,1,0,0,0,0,0,0,0,0,0,0,0
116,seadra,0,0,0,0,0,0,1,0,0,0,0,0,0,0,0,0,0,0
117,goldeen,0,0,0,0,0,0,1,0,0,0,0,0,0,0,0,0,0,0
118,seaking,0,0,0,0,0,0,1,0,0,0,0,0,0,0,0,0,0,0
119,staryu,0,0,0,0,0,0,1,0,0,0,0,0,0,0,0,0,0,0
120,starmie,0,0,0,0,0,0,1,0,0,0,1,0,0,0,0,0,0,0
121,mr-mime,0,0,0,1,0,0,0,0,0,0,1,0,0,0,0,0,0,0
122,scyther,0,0,0,0,0,0,0,0,0,0,0,0,1,0,0,1,0,0
123,jynx,0,0,0,0,0,1,0,0,0,0,1,0,0,0,0,0,0,0
124,electabuzz,0,0,0,0,0,0,0,0,1,0,0,0,0,0,0,0,0,0
125,magmar,0,1,0,0,0,0,0,0,0,0,0,0,0,0,0,0,0,0
126,pinsir,0,0,0,0,0,0,0,0,0,0,0,0,0,0,0,1,0,0
127,tauros,0,0,0,0,0,0,0,0,0,0,0,0,0,0,1,0,0,0
128,magikarp,0,0,0,0,0,0,1,0,0,0,0,0,0,0,0,0,0,0
129,gyarados,0,0,0,0,0,0,1,0,0,0,0,0,1,0,0,0,0,0
130,lapras,0,0,0,0,0,1,1,0,0,0,0,0,0,0,0,0,0,0
131,ditto,0,0,0,0,0,0,0,0,0,0,0,0,0,0,1,0,0,0
132,eevee,0,0,0,0,0,0,0,0,0,0,0,0,0,0,1,0,0,0
133,vaporeon,0,0,0,0,0,0,1,0,0,0,0,0,0,0,0,0,0,0
134,jolteon,0,0,0,0,0,0,0,0,1,0,0,0,0,0,0,0,0,0
135,flareon,0,1,0,0,0,0,0,0,0,0,0,0,0,0,0,0,0,0
136,porygon,0,0,0,0,0,0,0,0,0,0,0,0,0,0,1,0,0,0
137,omanyte,0,0,0,0,0,0,1,0,0,1,0,0,0,0,0,0,0,0
138,omastar,0,0,0,0,0,0,1,0,0,1,0,0,0,0,0,0,0,0
139,kabuto,0,0,0,0,0,0,1,0,0,1,0,0,0,0,0,0,0,0
140,kabutops,0,0,0,0,0,0,1,0,0,1,0,0,0,0,0,0,0,0
141,aerodactyl,0,0,0,0,0,0,0,0,0,1,0,0,1,0,0,0,0,0
142,snorlax,0,0,0,0,0,0,0,0,0,0,0,0,0,0,1,0,0,0
143,articuno,0,0,0,0,0,1,0,0,0,0,0,0,1,0,0,0,0,0
144,zapdos,0,0,0,0,0,0,0,0,1,0,0,0,1,0,0,0,0,0
145,moltres,0,1,0,0,0,0,0,0,0,0,0,0,1,0,0,0,0,0
146,dratini,0,0,0,0,0,0,0,0,0,0,0,0,0,0,0,0,1,0
147,dragonair,0,0,0,0,0,0,0,0,0,0,0,0,0,0,0,0,1,0
148,dragonite,0,0,0,0,0,0,0,0,0,0,0,0,1,0,0,0,1,0
149,mewtwo,0,0,0,0,0,0,0,0,0,0,1,0,0,0,0,0,0,0
150,mew,0,0,0,0,0,0,0,0,0,0,1,0,0,0,0,0,0,0
151,chikorita,1,0,0,0,0,0,0,0,0,0,0,0,0,0,0,0,0,0
152,bayleef,1,0,0,0,0,0,0,0,0,0,0,0,0,0,0,0,0,0
153,meganium,1,0,0,0,0,0,0,0,0,0,0,0,0,0,0,0,0,0
154,cyndaquil,0,1,0,0,0,0,0,0,0,0,0,0,0,0,0,0,0,0
155,quilava,0,1,0,0,0,0,0,0,0,0,0,0,0,0,0,0,0,0
156,typhlosion,0,1,0,0,0,0,0,0,0,0,0,0,0,0,0,0,0,0
157,totodile,0,0,0,0,0,0,1,0,0,0,0,0,0,0,0,0,0,0
158,croconaw,0,0,0,0,0,0,1,0,0,0,0,0,0,0,0,0,0,0
159,feraligatr,0,0,0,0,0,0,1,0,0,0,0,0,0,0,0,0,0,0
160,sentret,0,0,0,0,0,0,0,0,0,0,0,0,0,0,1,0,0,0
161,furret,0,0,0,0,0,0,0,0,0,0,0,0,0,0,1,0,0,0
162,hoothoot,0,0,0,0,0,0,0,0,0,0,0,0,1,0,1,0,0,0
163,noctowl,0,0,0,0,0,0,0,0,0,0,0,0,1,0,1,0,0,0
164,ledyba,0,0,0,0,0,0,0,0,0,0,0,0,1,0,0,1,0,0
165,ledian,0,0,0,0,0,0,0,0,0,0,0,0,1,0,0,1,0,0
166,spinarak,0,0,0,0,0,0,0,0,0,0,0,1,0,0,0,1,0,0
167,ariados,0,0,0,0,0,0,0,0,0,0,0,1,0,0,0,1,0,0
168,crobat,0,0,0,0,0,0,0,0,0,0,0,1,1,0,0,0,0,0
169,chinchou,0,0,0,0,0,0,1,0,1,0,0,0,0,0,0,0,0,0
170,lanturn,0,0,0,0,0,0,1,0,1,0,0,0,0,0,0,0,0,0
171,pichu,0,0,0,0,0,0,0,0,1,0,0,0,0,0,0,0,0,0
172,cleffa,0,0,0,1,0,0,0,0,0,0,0,0,0,0,0,0,0,0
173,igglybuff,0,0,0,1,0,0,0,0,0,0,0,0,0,0,1,0,0,0
174,togepi,0,0,0,1,0,0,0,0,0,0,0,0,0,0,0,0,0,0
175,togetic,0,0,0,1,0,0,0,0,0,0,0,0,1,0,0,0,0,0
176,natu,0,0,0,0,0,0,0,0,0,0,1,0,1,0,0,0,0,0
177,xatu,0,0,0,0,0,0,0,0,0,0,1,0,1,0,0,0,0,0
178,mareep,0,0,0,0,0,0,0,0,1,0,0,0,0,0,0,0,0,0
179,flaaffy,0,0,0,0,0,0,0,0,1,0,0,0,0,0,0,0,0,0
180,ampharos,0,0,0,0,0,0,0,0,1,0,0,0,0,0,0,0,0,0
181,bellossom,1,0,0,0,0,0,0,0,0,0,0,0,0,0,0,0,0,0
182,marill,0,0,0,1,0,0,1,0,0,0,0,0,0,0,0,0,0,0
183,azumarill,0,0,0,1,0,0,1,0,0,0,0,0,0,0,0,0,0,0
184,sudowoodo,0,0,0,0,0,0,0,0,0,1,0,0,0,0,0,0,0,0
185,politoed,0,0,0,0,0,0,1,0,0,0,0,0,0,0,0,0,0,0
186,hoppip,1,0,0,0,0,0,0,0,0,0,0,0,1,0,0,0,0,0
187,skiploom,1,0,0,0,0,0,0,0,0,0,0,0,1,0,0,0,0,0
188,jumpluff,1,0,0,0,0,0,0,0,0,0,0,0,1,0,0,0,0,0
189,aipom,0,0,0,0,0,0,0,0,0,0,0,0,0,0,1,0,0,0
190,sunkern,1,0,0,0,0,0,0,0,0,0,0,0,0,0,0,0,0,0
191,sunflora,1,0,0,0,0,0,0,0,0,0,0,0,0,0,0,0,0,0
192,yanma,0,0,0,0,0,0,0,0,0,0,0,0,1,0,0,1,0,0
193,wooper,0,0,0,0,1,0,1,0,0,0,0,0,0,0,0,0,0,0
194,quagsire,0,0,0,0,1,0,1,0,0,0,0,0,0,0,0,0,0,0
195,espeon,0,0,0,0,0,0,0,0,0,0,1,0,0,0,0,0,0,0
196,umbreon,0,0,1,0,0,0,0,0,0,0,0,0,0,0,0,0,0,0
197,murkrow,0,0,1,0,0,0,0,0,0,0,0,0,1,0,0,0,0,0
198,slowking,0,0,0,0,0,0,1,0,0,0,1,0,0,0,0,0,0,0
199,misdreavus,0,0,0,0,0,0,0,0,0,0,0,0,0,1,0,0,0,0
200,unown,0,0,0,0,0,0,0,0,0,0,1,0,0,0,0,0,0,0
201,wobbuffet,0,0,0,0,0,0,0,0,0,0,1,0,0,0,0,0,0,0
202,girafarig,0,0,0,0,0,0,0,0,0,0,1,0,0,0,1,0,0,0
203,pineco,0,0,0,0,0,0,0,0,0,0,0,0,0,0,0,1,0,0
204,forretress,0,0,0,0,0,0,0,1,0,0,0,0,0,0,0,1,0,0
205,dunsparce,0,0,0,0,0,0,0,0,0,0,0,0,0,0,1,0,0,0
206,gligar,0,0,0,0,1,0,0,0,0,0,0,0,1,0,0,0,0,0
207,steelix,0,0,0,0,1,0,0,1,0,0,0,0,0,0,0,0,0,0
208,snubbull,0,0,0,1,0,0,0,0,0,0,0,0,0,0,0,0,0,0
209,granbull,0,0,0,1,0,0,0,0,0,0,0,0,0,0,0,0,0,0
210,qwilfish,0,0,0,0,0,0,1,0,0,0,0,1,0,0,0,0,0,0
211,scizor,0,0,0,0,0,0,0,1,0,0,0,0,0,0,0,1,0,0
212,shuckle,0,0,0,0,0,0,0,0,0,1,0,0,0,0,0,1,0,0
213,heracross,0,0,0,0,0,0,0,0,0,0,0,0,0,0,0,1,0,1
214,sneasel,0,0,1,0,0,1,0,0,0,0,0,0,0,0,0,0,0,0
215,teddiursa,0,0,0,0,0,0,0,0,0,0,0,0,0,0,1,0,0,0
216,ursaring,0,0,0,0,0,0,0,0,0,0,0,0,0,0,1,0,0,0
217,slugma,0,1,0,0,0,0,0,0,0,0,0,0,0,0,0,0,0,0
218,magcargo,0,1,0,0,0,0,0,0,0,1,0,0,0,0,0,0,0,0
219,swinub,0,0,0,0,1,1,0,0,0,0,0,0,0,0,0,0,0,0
220,piloswine,0,0,0,0,1,1,0,0,0,0,0,0,0,0,0,0,0,0
221,corsola,0,0,0,0,0,0,1,0,0,1,0,0,0,0,0,0,0,0
222,remoraid,0,0,0,0,0,0,1,0,0,0,0,0,0,0,0,0,0,0
223,octillery,0,0,0,0,0,0,1,0,0,0,0,0,0,0,0,0,0,0
224,delibird,0,0,0,0,0,1,0,0,0,0,0,0,1,0,0,0,0,0
225,mantine,0,0,0,0,0,0,1,0,0,0,0,0,1,0,0,0,0,0
226,skarmory,0,0,0,0,0,0,0,1,0,0,0,0,1,0,0,0,0,0
227,houndour,0,1,1,0,0,0,0,0,0,0,0,0,0,0,0,0,0,0
228,houndoom,0,1,1,0,0,0,0,0,0,0,0,0,0,0,0,0,0,0
229,kingdra,0,0,0,0,0,0,1,0,0,0,0,0,0,0,0,0,1,0
230,phanpy,0,0,0,0,1,0,0,0,0,0,0,0,0,0,0,0,0,0
231,donphan,0,0,0,0,1,0,0,0,0,0,0,0,0,0,0,0,0,0
232,porygon2,0,0,0,0,0,0,0,0,0,0,0,0,0,0,1,0,0,0
233,stantler,0,0,0,0,0,0,0,0,0,0,0,0,0,0,1,0,0,0
234,smeargle,0,0,0,0,0,0,0,0,0,0,0,0,0,0,1,0,0,0
235,tyrogue,0,0,0,0,0,0,0,0,0,0,0,0,0,0,0,0,0,1
236,hitmontop,0,0,0,0,0,0,0,0,0,0,0,0,0,0,0,0,0,1
237,smoochum,0,0,0,0,0,1,0,0,0,0,1,0,0,0,0,0,0,0
238,elekid,0,0,0,0,0,0,0,0,1,0,0,0,0,0,0,0,0,0
239,magby,0,1,0,0,0,0,0,0,0,0,0,0,0,0,0,0,0,0
240,miltank,0,0,0,0,0,0,0,0,0,0,0,0,0,0,1,0,0,0
241,blissey,0,0,0,0,0,0,0,0,0,0,0,0,0,0,1,0,0,0
242,raikou,0,0,0,0,0,0,0,0,1,0,0,0,0,0,0,0,0,0
243,entei,0,1,0,0,0,0,0,0,0,0,0,0,0,0,0,0,0,0
244,suicune,0,0,0,0,0,0,1,0,0,0,0,0,0,0,0,0,0,0
245,larvitar,0,0,0,0,1,0,0,0,0,1,0,0,0,0,0,0,0,0
246,pupitar,0,0,0,0,1,0,0,0,0,1,0,0,0,0,0,0,0,0
247,tyranitar,0,0,1,0,0,0,0,0,0,1,0,0,0,0,0,0,0,0
248,lugia,0,0,0,0,0,0,0,0,0,0,1,0,1,0,0,0,0,0
249,ho-oh,0,1,0,0,0,0,0,0,0,0,0,0,1,0,0,0,0,0
250,celebi,1,0,0,0,0,0,0,0,0,0,1,0,0,0,0,0,0,0
251,treecko,1,0,0,0,0,0,0,0,0,0,0,0,0,0,0,0,0,0
252,grovyle,1,0,0,0,0,0,0,0,0,0,0,0,0,0,0,0,0,0
253,sceptile,1,0,0,0,0,0,0,0,0,0,0,0,0,0,0,0,0,0
254,torchic,0,1,0,0,0,0,0,0,0,0,0,0,0,0,0,0,0,0
255,combusken,0,1,0,0,0,0,0,0,0,0,0,0,0,0,0,0,0,1
256,blaziken,0,1,0,0,0,0,0,0,0,0,0,0,0,0,0,0,0,1
257,mudkip,0,0,0,0,0,0,1,0,0,0,0,0,0,0,0,0,0,0
258,marshtomp,0,0,0,0,1,0,1,0,0,0,0,0,0,0,0,0,0,0
259,swampert,0,0,0,0,1,0,1,0,0,0,0,0,0,0,0,0,0,0
260,poochyena,0,0,1,0,0,0,0,0,0,0,0,0,0,0,0,0,0,0
261,mightyena,0,0,1,0,0,0,0,0,0,0,0,0,0,0,0,0,0,0
262,zigzagoon,0,0,0,0,0,0,0,0,0,0,0,0,0,0,1,0,0,0
263,linoone,0,0,0,0,0,0,0,0,0,0,0,0,0,0,1,0,0,0
264,wurmple,0,0,0,0,0,0,0,0,0,0,0,0,0,0,0,1,0,0
265,silcoon,0,0,0,0,0,0,0,0,0,0,0,0,0,0,0,1,0,0
266,beautifly,0,0,0,0,0,0,0,0,0,0,0,0,1,0,0,1,0,0
267,cascoon,0,0,0,0,0,0,0,0,0,0,0,0,0,0,0,1,0,0
268,dustox,0,0,0,0,0,0,0,0,0,0,0,1,0,0,0,1,0,0
269,lotad,1,0,0,0,0,0,1,0,0,0,0,0,0,0,0,0,0,0
270,lombre,1,0,0,0,0,0,1,0,0,0,0,0,0,0,0,0,0,0
271,ludicolo,1,0,0,0,0,0,1,0,0,0,0,0,0,0,0,0,0,0
272,seedot,1,0,0,0,0,0,0,0,0,0,0,0,0,0,0,0,0,0
273,nuzleaf,1,0,1,0,0,0,0,0,0,0,0,0,0,0,0,0,0,0
274,shiftry,1,0,1,0,0,0,0,0,0,0,0,0,0,0,0,0,0,0
275,taillow,0,0,0,0,0,0,0,0,0,0,0,0,1,0,1,0,0,0
276,swellow,0,0,0,0,0,0,0,0,0,0,0,0,1,0,1,0,0,0
277,wingull,0,0,0,0,0,0,1,0,0,0,0,0,1,0,0,0,0,0
278,pelipper,0,0,0,0,0,0,1,0,0,0,0,0,1,0,0,0,0,0
279,ralts,0,0,0,1,0,0,0,0,0,0,1,0,0,0,0,0,0,0
280,kirlia,0,0,0,1,0,0,0,0,0,0,1,0,0,0,0,0,0,0
281,gardevoir,0,0,0,1,0,0,0,0,0,0,1,0,0,0,0,0,0,0
282,surskit,0,0,0,0,0,0,1,0,0,0,0,0,0,0,0,1,0,0
283,masquerain,0,0,0,0,0,0,0,0,0,0,0,0,1,0,0,1,0,0
284,shroomish,1,0,0,0,0,0,0,0,0,0,0,0,0,0,0,0,0,0
285,breloom,1,0,0,0,0,0,0,0,0,0,0,0,0,0,0,0,0,1
286,slakoth,0,0,0,0,0,0,0,0,0,0,0,0,0,0,1,0,0,0
287,vigoroth,0,0,0,0,0,0,0,0,0,0,0,0,0,0,1,0,0,0
288,slaking,0,0,0,0,0,0,0,0,0,0,0,0,0,0,1,0,0,0
289,nincada,0,0,0,0,1,0,0,0,0,0,0,0,0,0,0,1,0,0
290,ninjask,0,0,0,0,0,0,0,0,0,0,0,0,1,0,0,1,0,0
291,shedinja,0,0,0,0,0,0,0,0,0,0,0,0,0,1,0,1,0,0
292,whismur,0,0,0,0,0,0,0,0,0,0,0,0,0,0,1,0,0,0
293,loudred,0,0,0,0,0,0,0,0,0,0,0,0,0,0,1,0,0,0
294,exploud,0,0,0,0,0,0,0,0,0,0,0,0,0,0,1,0,0,0
295,makuhita,0,0,0,0,0,0,0,0,0,0,0,0,0,0,0,0,0,1
296,hariyama,0,0,0,0,0,0,0,0,0,0,0,0,0,0,0,0,0,1
297,azurill,0,0,0,1,0,0,0,0,0,0,0,0,0,0,1,0,0,0
298,nosepass,0,0,0,0,0,0,0,0,0,1,0,0,0,0,0,0,0,0
299,skitty,0,0,0,0,0,0,0,0,0,0,0,0,0,0,1,0,0,0
300,delcatty,0,0,0,0,0,0,0,0,0,0,0,0,0,0,1,0,0,0
301,sableye,0,0,1,0,0,0,0,0,0,0,0,0,0,1,0,0,0,0
302,mawile,0,0,0,1,0,0,0,1,0,0,0,0,0,0,0,0,0,0
303,aron,0,0,0,0,0,0,0,1,0,1,0,0,0,0,0,0,0,0
304,lairon,0,0,0,0,0,0,0,1,0,1,0,0,0,0,0,0,0,0
305,aggron,0,0,0,0,0,0,0,1,0,1,0,0,0,0,0,0,0,0
306,meditite,0,0,0,0,0,0,0,0,0,0,1,0,0,0,0,0,0,1
307,medicham,0,0,0,0,0,0,0,0,0,0,1,0,0,0,0,0,0,1
308,electrike,0,0,0,0,0,0,0,0,1,0,0,0,0,0,0,0,0,0
309,manectric,0,0,0,0,0,0,0,0,1,0,0,0,0,0,0,0,0,0
310,plusle,0,0,0,0,0,0,0,0,1,0,0,0,0,0,0,0,0,0
311,minun,0,0,0,0,0,0,0,0,1,0,0,0,0,0,0,0,0,0
312,volbeat,0,0,0,0,0,0,0,0,0,0,0,0,0,0,0,1,0,0
313,illumise,0,0,0,0,0,0,0,0,0,0,0,0,0,0,0,1,0,0
314,roselia,1,0,0,0,0,0,0,0,0,0,0,1,0,0,0,0,0,0
315,gulpin,0,0,0,0,0,0,0,0,0,0,0,1,0,0,0,0,0,0
316,swalot,0,0,0,0,0,0,0,0,0,0,0,1,0,0,0,0,0,0
317,carvanha,0,0,1,0,0,0,1,0,0,0,0,0,0,0,0,0,0,0
318,sharpedo,0,0,1,0,0,0,1,0,0,0,0,0,0,0,0,0,0,0
319,wailmer,0,0,0,0,0,0,1,0,0,0,0,0,0,0,0,0,0,0
320,wailord,0,0,0,0,0,0,1,0,0,0,0,0,0,0,0,0,0,0
321,numel,0,1,0,0,1,0,0,0,0,0,0,0,0,0,0,0,0,0
322,camerupt,0,1,0,0,1,0,0,0,0,0,0,0,0,0,0,0,0,0
323,torkoal,0,1,0,0,0,0,0,0,0,0,0,0,0,0,0,0,0,0
324,spoink,0,0,0,0,0,0,0,0,0,0,1,0,0,0,0,0,0,0
325,grumpig,0,0,0,0,0,0,0,0,0,0,1,0,0,0,0,0,0,0
326,spinda,0,0,0,0,0,0,0,0,0,0,0,0,0,0,1,0,0,0
327,trapinch,0,0,0,0,1,0,0,0,0,0,0,0,0,0,0,0,0,0
328,vibrava,0,0,0,0,1,0,0,0,0,0,0,0,0,0,0,0,1,0
329,flygon,0,0,0,0,1,0,0,0,0,0,0,0,0,0,0,0,1,0
330,cacnea,1,0,0,0,0,0,0,0,0,0,0,0,0,0,0,0,0,0
331,cacturne,1,0,1,0,0,0,0,0,0,0,0,0,0,0,0,0,0,0
332,swablu,0,0,0,0,0,0,0,0,0,0,0,0,1,0,1,0,0,0
333,altaria,0,0,0,0,0,0,0,0,0,0,0,0,1,0,0,0,1,0
334,zangoose,0,0,0,0,0,0,0,0,0,0,0,0,0,0,1,0,0,0
335,seviper,0,0,0,0,0,0,0,0,0,0,0,1,0,0,0,0,0,0
336,lunatone,0,0,0,0,0,0,0,0,0,1,1,0,0,0,0,0,0,0
337,solrock,0,0,0,0,0,0,0,0,0,1,1,0,0,0,0,0,0,0
338,barboach,0,0,0,0,1,0,1,0,0,0,0,0,0,0,0,0,0,0
339,whiscash,0,0,0,0,1,0,1,0,0,0,0,0,0,0,0,0,0,0
340,corphish,0,0,0,0,0,0,1,0,0,0,0,0,0,0,0,0,0,0
341,crawdaunt,0,0,1,0,0,0,1,0,0,0,0,0,0,0,0,0,0,0
342,baltoy,0,0,0,0,1,0,0,0,0,0,1,0,0,0,0,0,0,0
343,claydol,0,0,0,0,1,0,0,0,0,0,1,0,0,0,0,0,0,0
344,lileep,1,0,0,0,0,0,0,0,0,1,0,0,0,0,0,0,0,0
345,cradily,1,0,0,0,0,0,0,0,0,1,0,0,0,0,0,0,0,0
346,anorith,0,0,0,0,0,0,0,0,0,1,0,0,0,0,0,1,0,0
347,armaldo,0,0,0,0,0,0,0,0,0,1,0,0,0,0,0,1,0,0
348,feebas,0,0,0,0,0,0,1,0,0,0,0,0,0,0,0,0,0,0
349,milotic,0,0,0,0,0,0,1,0,0,0,0,0,0,0,0,0,0,0
350,castform,0,0,0,0,0,0,0,0,0,0,0,0,0,0,1,0,0,0
351,kecleon,0,0,0,0,0,0,0,0,0,0,0,0,0,0,1,0,0,0
352,shuppet,0,0,0,0,0,0,0,0,0,0,0,0,0,1,0,0,0,0
353,banette,0,0,0,0,0,0,0,0,0,0,0,0,0,1,0,0,0,0
354,duskull,0,0,0,0,0,0,0,0,0,0,0,0,0,1,0,0,0,0
355,dusclops,0,0,0,0,0,0,0,0,0,0,0,0,0,1,0,0,0,0
356,tropius,1,0,0,0,0,0,0,0,0,0,0,0,1,0,0,0,0,0
357,chimecho,0,0,0,0,0,0,0,0,0,0,1,0,0,0,0,0,0,0
358,absol,0,0,1,0,0,0,0,0,0,0,0,0,0,0,0,0,0,0
359,wynaut,0,0,0,0,0,0,0,0,0,0,1,0,0,0,0,0,0,0
360,snorunt,0,0,0,0,0,1,0,0,0,0,0,0,0,0,0,0,0,0
361,glalie,0,0,0,0,0,1,0,0,0,0,0,0,0,0,0,0,0,0
362,spheal,0,0,0,0,0,1,1,0,0,0,0,0,0,0,0,0,0,0
363,sealeo,0,0,0,0,0,1,1,0,0,0,0,0,0,0,0,0,0,0
364,walrein,0,0,0,0,0,1,1,0,0,0,0,0,0,0,0,0,0,0
365,clamperl,0,0,0,0,0,0,1,0,0,0,0,0,0,0,0,0,0,0
366,huntail,0,0,0,0,0,0,1,0,0,0,0,0,0,0,0,0,0,0
367,gorebyss,0,0,0,0,0,0,1,0,0,0,0,0,0,0,0,0,0,0
368,relicanth,0,0,0,0,0,0,1,0,0,1,0,0,0,0,0,0,0,0
369,luvdisc,0,0,0,0,0,0,1,0,0,0,0,0,0,0,0,0,0,0
370,bagon,0,0,0,0,0,0,0,0,0,0,0,0,0,0,0,0,1,0
371,shelgon,0,0,0,0,0,0,0,0,0,0,0,0,0,0,0,0,1,0
372,salamence,0,0,0,0,0,0,0,0,0,0,0,0,1,0,0,0,1,0
373,beldum,0,0,0,0,0,0,0,1,0,0,1,0,0,0,0,0,0,0
374,metang,0,0,0,0,0,0,0,1,0,0,1,0,0,0,0,0,0,0
375,metagross,0,0,0,0,0,0,0,1,0,0,1,0,0,0,0,0,0,0
376,regirock,0,0,0,0,0,0,0,0,0,1,0,0,0,0,0,0,0,0
377,regice,0,0,0,0,0,1,0,0,0,0,0,0,0,0,0,0,0,0
378,registeel,0,0,0,0,0,0,0,1,0,0,0,0,0,0,0,0,0,0
379,latias,0,0,0,0,0,0,0,0,0,0,1,0,0,0,0,0,1,0
380,latios,0,0,0,0,0,0,0,0,0,0,1,0,0,0,0,0,1,0
381,kyogre,0,0,0,0,0,0,1,0,0,0,0,0,0,0,0,0,0,0
382,groudon,0,0,0,0,1,0,0,0,0,0,0,0,0,0,0,0,0,0
383,rayquaza,0,0,0,0,0,0,0,0,0,0,0,0,1,0,0,0,1,0
384,jirachi,0,0,0,0,0,0,0,1,0,0,1,0,0,0,0,0,0,0
385,deoxys,0,0,0,0,0,0,0,0,0,0,1,0,0,0,0,0,0,0
386,turtwig,1,0,0,0,0,0,0,0,0,0,0,0,0,0,0,0,0,0
387,grotle,1,0,0,0,0,0,0,0,0,0,0,0,0,0,0,0,0,0
388,torterra,1,0,0,0,1,0,0,0,0,0,0,0,0,0,0,0,0,0
389,chimchar,0,1,0,0,0,0,0,0,0,0,0,0,0,0,0,0,0,0
390,monferno,0,1,0,0,0,0,0,0,0,0,0,0,0,0,0,0,0,1
391,infernape,0,1,0,0,0,0,0,0,0,0,0,0,0,0,0,0,0,1
392,piplup,0,0,0,0,0,0,1,0,0,0,0,0,0,0,0,0,0,0
393,prinplup,0,0,0,0,0,0,1,0,0,0,0,0,0,0,0,0,0,0
394,empoleon,0,0,0,0,0,0,1,1,0,0,0,0,0,0,0,0,0,0
395,starly,0,0,0,0,0,0,0,0,0,0,0,0,1,0,1,0,0,0
396,staravia,0,0,0,0,0,0,0,0,0,0,0,0,1,0,1,0,0,0
397,staraptor,0,0,0,0,0,0,0,0,0,0,0,0,1,0,1,0,0,0
398,bidoof,0,0,0,0,0,0,0,0,0,0,0,0,0,0,1,0,0,0
399,bibarel,0,0,0,0,0,0,1,0,0,0,0,0,0,0,1,0,0,0
400,kricketot,0,0,0,0,0,0,0,0,0,0,0,0,0,0,0,1,0,0
401,kricketune,0,0,0,0,0,0,0,0,0,0,0,0,0,0,0,1,0,0
402,shinx,0,0,0,0,0,0,0,0,1,0,0,0,0,0,0,0,0,0
403,luxio,0,0,0,0,0,0,0,0,1,0,0,0,0,0,0,0,0,0
404,luxray,0,0,0,0,0,0,0,0,1,0,0,0,0,0,0,0,0,0
405,budew,1,0,0,0,0,0,0,0,0,0,0,1,0,0,0,0,0,0
406,roserade,1,0,0,0,0,0,0,0,0,0,0,1,0,0,0,0,0,0
407,cranidos,0,0,0,0,0,0,0,0,0,1,0,0,0,0,0,0,0,0
408,rampardos,0,0,0,0,0,0,0,0,0,1,0,0,0,0,0,0,0,0
409,shieldon,0,0,0,0,0,0,0,1,0,1,0,0,0,0,0,0,0,0
410,bastiodon,0,0,0,0,0,0,0,1,0,1,0,0,0,0,0,0,0,0
411,burmy,0,0,0,0,0,0,0,0,0,0,0,0,0,0,0,1,0,0
412,wormadam,1,0,0,0,0,0,0,0,0,0,0,0,0,0,0,1,0,0
413,mothim,0,0,0,0,0,0,0,0,0,0,0,0,1,0,0,1,0,0
414,combee,0,0,0,0,0,0,0,0,0,0,0,0,1,0,0,1,0,0
415,vespiquen,0,0,0,0,0,0,0,0,0,0,0,0,1,0,0,1,0,0
416,pachirisu,0,0,0,0,0,0,0,0,1,0,0,0,0,0,0,0,0,0
417,buizel,0,0,0,0,0,0,1,0,0,0,0,0,0,0,0,0,0,0
418,floatzel,0,0,0,0,0,0,1,0,0,0,0,0,0,0,0,0,0,0
419,cherubi,1,0,0,0,0,0,0,0,0,0,0,0,0,0,0,0,0,0
420,cherrim,1,0,0,0,0,0,0,0,0,0,0,0,0,0,0,0,0,0
421,shellos,0,0,0,0,0,0,1,0,0,0,0,0,0,0,0,0,0,0
422,gastrodon,0,0,0,0,1,0,1,0,0,0,0,0,0,0,0,0,0,0
423,ambipom,0,0,0,0,0,0,0,0,0,0,0,0,0,0,1,0,0,0
424,drifloon,0,0,0,0,0,0,0,0,0,0,0,0,1,1,0,0,0,0
425,drifblim,0,0,0,0,0,0,0,0,0,0,0,0,1,1,0,0,0,0
426,buneary,0,0,0,0,0,0,0,0,0,0,0,0,0,0,1,0,0,0
427,lopunny,0,0,0,0,0,0,0,0,0,0,0,0,0,0,1,0,0,0
428,mismagius,0,0,0,0,0,0,0,0,0,0,0,0,0,1,0,0,0,0
429,honchkrow,0,0,1,0,0,0,0,0,0,0,0,0,1,0,0,0,0,0
430,glameow,0,0,0,0,0,0,0,0,0,0,0,0,0,0,1,0,0,0
431,purugly,0,0,0,0,0,0,0,0,0,0,0,0,0,0,1,0,0,0
432,chingling,0,0,0,0,0,0,0,0,0,0,1,0,0,0,0,0,0,0
433,stunky,0,0,1,0,0,0,0,0,0,0,0,1,0,0,0,0,0,0
434,skuntank,0,0,1,0,0,0,0,0,0,0,0,1,0,0,0,0,0,0
435,bronzor,0,0,0,0,0,0,0,1,0,0,1,0,0,0,0,0,0,0
436,bronzong,0,0,0,0,0,0,0,1,0,0,1,0,0,0,0,0,0,0
437,bonsly,0,0,0,0,0,0,0,0,0,1,0,0,0,0,0,0,0,0
438,mime-jr,0,0,0,1,0,0,0,0,0,0,1,0,0,0,0,0,0,0
439,happiny,0,0,0,0,0,0,0,0,0,0,0,0,0,0,1,0,0,0
440,chatot,0,0,0,0,0,0,0,0,0,0,0,0,1,0,1,0,0,0
441,spiritomb,0,0,1,0,0,0,0,0,0,0,0,0,0,1,0,0,0,0
442,gible,0,0,0,0,1,0,0,0,0,0,0,0,0,0,0,0,1,0
443,gabite,0,0,0,0,1,0,0,0,0,0,0,0,0,0,0,0,1,0
444,garchomp,0,0,0,0,1,0,0,0,0,0,0,0,0,0,0,0,1,0
445,munchlax,0,0,0,0,0,0,0,0,0,0,0,0,0,0,1,0,0,0
446,riolu,0,0,0,0,0,0,0,0,0,0,0,0,0,0,0,0,0,1
447,lucario,0,0,0,0,0,0,0,1,0,0,0,0,0,0,0,0,0,1
448,hippopotas,0,0,0,0,1,0,0,0,0,0,0,0,0,0,0,0,0,0
449,hippowdon,0,0,0,0,1,0,0,0,0,0,0,0,0,0,0,0,0,0
450,skorupi,0,0,0,0,0,0,0,0,0,0,0,1,0,0,0,1,0,0
451,drapion,0,0,1,0,0,0,0,0,0,0,0,1,0,0,0,0,0,0
452,croagunk,0,0,0,0,0,0,0,0,0,0,0,1,0,0,0,0,0,1
453,toxicroak,0,0,0,0,0,0,0,0,0,0,0,1,0,0,0,0,0,1
454,carnivine,1,0,0,0,0,0,0,0,0,0,0,0,0,0,0,0,0,0
455,finneon,0,0,0,0,0,0,1,0,0,0,0,0,0,0,0,0,0,0
456,lumineon,0,0,0,0,0,0,1,0,0,0,0,0,0,0,0,0,0,0
457,mantyke,0,0,0,0,0,0,1,0,0,0,0,0,1,0,0,0,0,0
458,snover,1,0,0,0,0,1,0,0,0,0,0,0,0,0,0,0,0,0
459,abomasnow,1,0,0,0,0,1,0,0,0,0,0,0,0,0,0,0,0,0
460,weavile,0,0,1,0,0,1,0,0,0,0,0,0,0,0,0,0,0,0
461,magnezone,0,0,0,0,0,0,0,1,1,0,0,0,0,0,0,0,0,0
462,lickilicky,0,0,0,0,0,0,0,0,0,0,0,0,0,0,1,0,0,0
463,rhyperior,0,0,0,0,1,0,0,0,0,1,0,0,0,0,0,0,0,0
464,tangrowth,1,0,0,0,0,0,0,0,0,0,0,0,0,0,0,0,0,0
465,electivire,0,0,0,0,0,0,0,0,1,0,0,0,0,0,0,0,0,0
466,magmortar,0,1,0,0,0,0,0,0,0,0,0,0,0,0,0,0,0,0
467,togekiss,0,0,0,1,0,0,0,0,0,0,0,0,1,0,0,0,0,0
468,yanmega,0,0,0,0,0,0,0,0,0,0,0,0,1,0,0,1,0,0
469,leafeon,1,0,0,0,0,0,0,0,0,0,0,0,0,0,0,0,0,0
470,glaceon,0,0,0,0,0,1,0,0,0,0,0,0,0,0,0,0,0,0
471,gliscor,0,0,0,0,1,0,0,0,0,0,0,0,1,0,0,0,0,0
472,mamoswine,0,0,0,0,1,1,0,0,0,0,0,0,0,0,0,0,0,0
473,porygon-z,0,0,0,0,0,0,0,0,0,0,0,0,0,0,1,0,0,0
474,gallade,0,0,0,0,0,0,0,0,0,0,1,0,0,0,0,0,0,1
475,probopass,0,0,0,0,0,0,0,1,0,1,0,0,0,0,0,0,0,0
476,dusknoir,0,0,0,0,0,0,0,0,0,0,0,0,0,1,0,0,0,0
477,froslass,0,0,0,0,0,1,0,0,0,0,0,0,0,1,0,0,0,0
478,rotom,0,0,0,0,0,0,0,0,1,0,0,0,0,1,0,0,0,0
479,uxie,0,0,0,0,0,0,0,0,0,0,1,0,0,0,0,0,0,0
480,mesprit,0,0,0,0,0,0,0,0,0,0,1,0,0,0,0,0,0,0
481,azelf,0,0,0,0,0,0,0,0,0,0,1,0,0,0,0,0,0,0
482,dialga,0,0,0,0,0,0,0,1,0,0,0,0,0,0,0,0,1,0
483,palkia,0,0,0,0,0,0,1,0,0,0,0,0,0,0,0,0,1,0
484,heatran,0,1,0,0,0,0,0,1,0,0,0,0,0,0,0,0,0,0
485,regigigas,0,0,0,0,0,0,0,0,0,0,0,0,0,0,1,0,0,0
486,giratina,0,0,0,0,0,0,0,0,0,0,0,0,0,1,0,0,1,0
487,cresselia,0,0,0,0,0,0,0,0,0,0,1,0,0,0,0,0,0,0
488,phione,0,0,0,0,0,0,1,0,0,0,0,0,0,0,0,0,0,0
489,manaphy,0,0,0,0,0,0,1,0,0,0,0,0,0,0,0,0,0,0
490,darkrai,0,0,1,0,0,0,0,0,0,0,0,0,0,0,0,0,0,0
491,shaymin,1,0,0,0,0,0,0,0,0,0,0,0,0,0,0,0,0,0
492,arceus,0,0,0,0,0,0,0,0,0,0,0,0,0,0,1,0,0,0
493,victini,0,1,0,0,0,0,0,0,0,0,1,0,0,0,0,0,0,0
494,snivy,1,0,0,0,0,0,0,0,0,0,0,0,0,0,0,0,0,0
495,servine,1,0,0,0,0,0,0,0,0,0,0,0,0,0,0,0,0,0
496,serperior,1,0,0,0,0,0,0,0,0,0,0,0,0,0,0,0,0,0
497,tepig,0,1,0,0,0,0,0,0,0,0,0,0,0,0,0,0,0,0
498,pignite,0,1,0,0,0,0,0,0,0,0,0,0,0,0,0,0,0,1
499,emboar,0,1,0,0,0,0,0,0,0,0,0,0,0,0,0,0,0,1
500,oshawott,0,0,0,0,0,0,1,0,0,0,0,0,0,0,0,0,0,0
501,dewott,0,0,0,0,0,0,1,0,0,0,0,0,0,0,0,0,0,0
502,samurott,0,0,0,0,0,0,1,0,0,0,0,0,0,0,0,0,0,0
503,patrat,0,0,0,0,0,0,0,0,0,0,0,0,0,0,1,0,0,0
504,watchog,0,0,0,0,0,0,0,0,0,0,0,0,0,0,1,0,0,0
505,lillipup,0,0,0,0,0,0,0,0,0,0,0,0,0,0,1,0,0,0
506,herdier,0,0,0,0,0,0,0,0,0,0,0,0,0,0,1,0,0,0
507,stoutland,0,0,0,0,0,0,0,0,0,0,0,0,0,0,1,0,0,0
508,purrloin,0,0,1,0,0,0,0,0,0,0,0,0,0,0,0,0,0,0
509,liepard,0,0,1,0,0,0,0,0,0,0,0,0,0,0,0,0,0,0
510,pansage,1,0,0,0,0,0,0,0,0,0,0,0,0,0,0,0,0,0
511,simisage,1,0,0,0,0,0,0,0,0,0,0,0,0,0,0,0,0,0
512,pansear,0,1,0,0,0,0,0,0,0,0,0,0,0,0,0,0,0,0
513,simisear,0,1,0,0,0,0,0,0,0,0,0,0,0,0,0,0,0,0
514,panpour,0,0,0,0,0,0,1,0,0,0,0,0,0,0,0,0,0,0
515,simipour,0,0,0,0,0,0,1,0,0,0,0,0,0,0,0,0,0,0
516,munna,0,0,0,0,0,0,0,0,0,0,1,0,0,0,0,0,0,0
517,musharna,0,0,0,0,0,0,0,0,0,0,1,0,0,0,0,0,0,0
518,pidove,0,0,0,0,0,0,0,0,0,0,0,0,1,0,1,0,0,0
519,tranquill,0,0,0,0,0,0,0,0,0,0,0,0,1,0,1,0,0,0
520,unfezant,0,0,0,0,0,0,0,0,0,0,0,0,1,0,1,0,0,0
521,blitzle,0,0,0,0,0,0,0,0,1,0,0,0,0,0,0,0,0,0
522,zebstrika,0,0,0,0,0,0,0,0,1,0,0,0,0,0,0,0,0,0
523,roggenrola,0,0,0,0,0,0,0,0,0,1,0,0,0,0,0,0,0,0
524,boldore,0,0,0,0,0,0,0,0,0,1,0,0,0,0,0,0,0,0
525,gigalith,0,0,0,0,0,0,0,0,0,1,0,0,0,0,0,0,0,0
526,woobat,0,0,0,0,0,0,0,0,0,0,1,0,1,0,0,0,0,0
527,swoobat,0,0,0,0,0,0,0,0,0,0,1,0,1,0,0,0,0,0
528,drilbur,0,0,0,0,1,0,0,0,0,0,0,0,0,0,0,0,0,0
529,excadrill,0,0,0,0,1,0,0,1,0,0,0,0,0,0,0,0,0,0
530,audino,0,0,0,0,0,0,0,0,0,0,0,0,0,0,1,0,0,0
531,timburr,0,0,0,0,0,0,0,0,0,0,0,0,0,0,0,0,0,1
532,gurdurr,0,0,0,0,0,0,0,0,0,0,0,0,0,0,0,0,0,1
533,conkeldurr,0,0,0,0,0,0,0,0,0,0,0,0,0,0,0,0,0,1
534,tympole,0,0,0,0,0,0,1,0,0,0,0,0,0,0,0,0,0,0
535,palpitoad,0,0,0,0,1,0,1,0,0,0,0,0,0,0,0,0,0,0
536,seismitoad,0,0,0,0,1,0,1,0,0,0,0,0,0,0,0,0,0,0
537,throh,0,0,0,0,0,0,0,0,0,0,0,0,0,0,0,0,0,1
538,sawk,0,0,0,0,0,0,0,0,0,0,0,0,0,0,0,0,0,1
539,sewaddle,1,0,0,0,0,0,0,0,0,0,0,0,0,0,0,1,0,0
540,swadloon,1,0,0,0,0,0,0,0,0,0,0,0,0,0,0,1,0,0
541,leavanny,1,0,0,0,0,0,0,0,0,0,0,0,0,0,0,1,0,0
542,venipede,0,0,0,0,0,0,0,0,0,0,0,1,0,0,0,1,0,0
543,whirlipede,0,0,0,0,0,0,0,0,0,0,0,1,0,0,0,1,0,0
544,scolipede,0,0,0,0,0,0,0,0,0,0,0,1,0,0,0,1,0,0
545,cottonee,1,0,0,1,0,0,0,0,0,0,0,0,0,0,0,0,0,0
546,whimsicott,1,0,0,1,0,0,0,0,0,0,0,0,0,0,0,0,0,0
547,petilil,1,0,0,0,0,0,0,0,0,0,0,0,0,0,0,0,0,0
548,lilligant,1,0,0,0,0,0,0,0,0,0,0,0,0,0,0,0,0,0
549,basculin,0,0,0,0,0,0,1,0,0,0,0,0,0,0,0,0,0,0
550,sandile,0,0,1,0,1,0,0,0,0,0,0,0,0,0,0,0,0,0
551,krokorok,0,0,1,0,1,0,0,0,0,0,0,0,0,0,0,0,0,0
552,krookodile,0,0,1,0,1,0,0,0,0,0,0,0,0,0,0,0,0,0
553,darumaka,0,1,0,0,0,0,0,0,0,0,0,0,0,0,0,0,0,0
554,darmanitan,0,1,0,0,0,0,0,0,0,0,0,0,0,0,0,0,0,0
555,maractus,1,0,0,0,0,0,0,0,0,0,0,0,0,0,0,0,0,0
556,dwebble,0,0,0,0,0,0,0,0,0,1,0,0,0,0,0,1,0,0
557,crustle,0,0,0,0,0,0,0,0,0,1,0,0,0,0,0,1,0,0
558,scraggy,0,0,1,0,0,0,0,0,0,0,0,0,0,0,0,0,0,1
559,scrafty,0,0,1,0,0,0,0,0,0,0,0,0,0,0,0,0,0,1
560,sigilyph,0,0,0,0,0,0,0,0,0,0,1,0,1,0,0,0,0,0
561,yamask,0,0,0,0,0,0,0,0,0,0,0,0,0,1,0,0,0,0
562,cofagrigus,0,0,0,0,0,0,0,0,0,0,0,0,0,1,0,0,0,0
563,tirtouga,0,0,0,0,0,0,1,0,0,1,0,0,0,0,0,0,0,0
564,carracosta,0,0,0,0,0,0,1,0,0,1,0,0,0,0,0,0,0,0
565,archen,0,0,0,0,0,0,0,0,0,1,0,0,1,0,0,0,0,0
566,archeops,0,0,0,0,0,0,0,0,0,1,0,0,1,0,0,0,0,0
567,trubbish,0,0,0,0,0,0,0,0,0,0,0,1,0,0,0,0,0,0
568,garbodor,0,0,0,0,0,0,0,0,0,0,0,1,0,0,0,0,0,0
569,zorua,0,0,1,0,0,0,0,0,0,0,0,0,0,0,0,0,0,0
570,zoroark,0,0,1,0,0,0,0,0,0,0,0,0,0,0,0,0,0,0
571,minccino,0,0,0,0,0,0,0,0,0,0,0,0,0,0,1,0,0,0
572,cinccino,0,0,0,0,0,0,0,0,0,0,0,0,0,0,1,0,0,0
573,gothita,0,0,0,0,0,0,0,0,0,0,1,0,0,0,0,0,0,0
574,gothorita,0,0,0,0,0,0,0,0,0,0,1,0,0,0,0,0,0,0
575,gothitelle,0,0,0,0,0,0,0,0,0,0,1,0,0,0,0,0,0,0
576,solosis,0,0,0,0,0,0,0,0,0,0,1,0,0,0,0,0,0,0
577,duosion,0,0,0,0,0,0,0,0,0,0,1,0,0,0,0,0,0,0
578,reuniclus,0,0,0,0,0,0,0,0,0,0,1,0,0,0,0,0,0,0
579,ducklett,0,0,0,0,0,0,1,0,0,0,0,0,1,0,0,0,0,0
580,swanna,0,0,0,0,0,0,1,0,0,0,0,0,1,0,0,0,0,0
581,vanillite,0,0,0,0,0,1,0,0,0,0,0,0,0,0,0,0,0,0
582,vanillish,0,0,0,0,0,1,0,0,0,0,0,0,0,0,0,0,0,0
583,vanilluxe,0,0,0,0,0,1,0,0,0,0,0,0,0,0,0,0,0,0
584,deerling,1,0,0,0,0,0,0,0,0,0,0,0,0,0,1,0,0,0
585,sawsbuck,1,0,0,0,0,0,0,0,0,0,0,0,0,0,1,0,0,0
586,emolga,0,0,0,0,0,0,0,0,1,0,0,0,1,0,0,0,0,0
587,karrablast,0,0,0,0,0,0,0,0,0,0,0,0,0,0,0,1,0,0
588,escavalier,0,0,0,0,0,0,0,1,0,0,0,0,0,0,0,1,0,0
589,foongus,1,0,0,0,0,0,0,0,0,0,0,1,0,0,0,0,0,0
590,amoonguss,1,0,0,0,0,0,0,0,0,0,0,1,0,0,0,0,0,0
591,frillish,0,0,0,0,0,0,1,0,0,0,0,0,0,1,0,0,0,0
592,jellicent,0,0,0,0,0,0,1,0,0,0,0,0,0,1,0,0,0,0
593,alomomola,0,0,0,0,0,0,1,0,0,0,0,0,0,0,0,0,0,0
594,joltik,0,0,0,0,0,0,0,0,1,0,0,0,0,0,0,1,0,0
595,galvantula,0,0,0,0,0,0,0,0,1,0,0,0,0,0,0,1,0,0
596,ferroseed,1,0,0,0,0,0,0,1,0,0,0,0,0,0,0,0,0,0
597,ferrothorn,1,0,0,0,0,0,0,1,0,0,0,0,0,0,0,0,0,0
598,klink,0,0,0,0,0,0,0,1,0,0,0,0,0,0,0,0,0,0
599,klang,0,0,0,0,0,0,0,1,0,0,0,0,0,0,0,0,0,0
600,klinklang,0,0,0,0,0,0,0,1,0,0,0,0,0,0,0,0,0,0
601,tynamo,0,0,0,0,0,0,0,0,1,0,0,0,0,0,0,0,0,0
602,eelektrik,0,0,0,0,0,0,0,0,1,0,0,0,0,0,0,0,0,0
603,eelektross,0,0,0,0,0,0,0,0,1,0,0,0,0,0,0,0,0,0
604,elgyem,0,0,0,0,0,0,0,0,0,0,1,0,0,0,0,0,0,0
605,beheeyem,0,0,0,0,0,0,0,0,0,0,1,0,0,0,0,0,0,0
606,litwick,0,1,0,0,0,0,0,0,0,0,0,0,0,1,0,0,0,0
607,lampent,0,1,0,0,0,0,0,0,0,0,0,0,0,1,0,0,0,0
608,chandelure,0,1,0,0,0,0,0,0,0,0,0,0,0,1,0,0,0,0
609,axew,0,0,0,0,0,0,0,0,0,0,0,0,0,0,0,0,1,0
610,fraxure,0,0,0,0,0,0,0,0,0,0,0,0,0,0,0,0,1,0
611,haxorus,0,0,0,0,0,0,0,0,0,0,0,0,0,0,0,0,1,0
612,cubchoo,0,0,0,0,0,1,0,0,0,0,0,0,0,0,0,0,0,0
613,beartic,0,0,0,0,0,1,0,0,0,0,0,0,0,0,0,0,0,0
614,cryogonal,0,0,0,0,0,1,0,0,0,0,0,0,0,0,0,0,0,0
615,shelmet,0,0,0,0,0,0,0,0,0,0,0,0,0,0,0,1,0,0
616,accelgor,0,0,0,0,0,0,0,0,0,0,0,0,0,0,0,1,0,0
617,stunfisk,0,0,0,0,1,0,0,0,1,0,0,0,0,0,0,0,0,0
618,mienfoo,0,0,0,0,0,0,0,0,0,0,0,0,0,0,0,0,0,1
619,mienshao,0,0,0,0,0,0,0,0,0,0,0,0,0,0,0,0,0,1
620,druddigon,0,0,0,0,0,0,0,0,0,0,0,0,0,0,0,0,1,0
621,golett,0,0,0,0,1,0,0,0,0,0,0,0,0,1,0,0,0,0
622,golurk,0,0,0,0,1,0,0,0,0,0,0,0,0,1,0,0,0,0
623,pawniard,0,0,1,0,0,0,0,1,0,0,0,0,0,0,0,0,0,0
624,bisharp,0,0,1,0,0,0,0,1,0,0,0,0,0,0,0,0,0,0
625,bouffalant,0,0,0,0,0,0,0,0,0,0,0,0,0,0,1,0,0,0
626,rufflet,0,0,0,0,0,0,0,0,0,0,0,0,1,0,1,0,0,0
627,braviary,0,0,0,0,0,0,0,0,0,0,0,0,1,0,1,0,0,0
628,vullaby,0,0,1,0,0,0,0,0,0,0,0,0,1,0,0,0,0,0
629,mandibuzz,0,0,1,0,0,0,0,0,0,0,0,0,1,0,0,0,0,0
630,heatmor,0,1,0,0,0,0,0,0,0,0,0,0,0,0,0,0,0,0
631,durant,0,0,0,0,0,0,0,1,0,0,0,0,0,0,0,1,0,0
632,deino,0,0,1,0,0,0,0,0,0,0,0,0,0,0,0,0,1,0
633,zweilous,0,0,1,0,0,0,0,0,0,0,0,0,0,0,0,0,1,0
634,hydreigon,0,0,1,0,0,0,0,0,0,0,0,0,0,0,0,0,1,0
635,larvesta,0,1,0,0,0,0,0,0,0,0,0,0,0,0,0,1,0,0
636,volcarona,0,1,0,0,0,0,0,0,0,0,0,0,0,0,0,1,0,0
637,cobalion,0,0,0,0,0,0,0,1,0,0,0,0,0,0,0,0,0,1
638,terrakion,0,0,0,0,0,0,0,0,0,1,0,0,0,0,0,0,0,1
639,virizion,1,0,0,0,0,0,0,0,0,0,0,0,0,0,0,0,0,1
640,tornadus,0,0,0,0,0,0,0,0,0,0,0,0,1,0,0,0,0,0
641,thundurus,0,0,0,0,0,0,0,0,1,0,0,0,1,0,0,0,0,0
642,reshiram,0,1,0,0,0,0,0,0,0,0,0,0,0,0,0,0,1,0
643,zekrom,0,0,0,0,0,0,0,0,1,0,0,0,0,0,0,0,1,0
644,landorus,0,0,0,0,1,0,0,0,0,0,0,0,1,0,0,0,0,0
645,kyurem,0,0,0,0,0,1,0,0,0,0,0,0,0,0,0,0,1,0
646,keldeo,0,0,0,0,0,0,1,0,0,0,0,0,0,0,0,0,0,1
647,meloetta,0,0,0,0,0,0,0,0,0,0,1,0,0,0,1,0,0,0
648,genesect,0,0,0,0,0,0,0,1,0,0,0,0,0,0,0,1,0,0
649,chespin,1,0,0,0,0,0,0,0,0,0,0,0,0,0,0,0,0,0
650,quilladin,1,0,0,0,0,0,0,0,0,0,0,0,0,0,0,0,0,0
651,chesnaught,1,0,0,0,0,0,0,0,0,0,0,0,0,0,0,0,0,1
652,fennekin,0,1,0,0,0,0,0,0,0,0,0,0,0,0,0,0,0,0
653,braixen,0,1,0,0,0,0,0,0,0,0,0,0,0,0,0,0,0,0
654,delphox,0,1,0,0,0,0,0,0,0,0,1,0,0,0,0,0,0,0
655,froakie,0,0,0,0,0,0,1,0,0,0,0,0,0,0,0,0,0,0
656,frogadier,0,0,0,0,0,0,1,0,0,0,0,0,0,0,0,0,0,0
657,greninja,0,0,1,0,0,0,1,0,0,0,0,0,0,0,0,0,0,0
658,bunnelby,0,0,0,0,0,0,0,0,0,0,0,0,0,0,1,0,0,0
659,diggersby,0,0,0,0,1,0,0,0,0,0,0,0,0,0,1,0,0,0
660,fletchling,0,0,0,0,0,0,0,0,0,0,0,0,1,0,1,0,0,0
661,fletchinder,0,1,0,0,0,0,0,0,0,0,0,0,1,0,0,0,0,0
662,talonflame,0,1,0,0,0,0,0,0,0,0,0,0,1,0,0,0,0,0
663,scatterbug,0,0,0,0,0,0,0,0,0,0,0,0,0,0,0,1,0,0
664,spewpa,0,0,0,0,0,0,0,0,0,0,0,0,0,0,0,1,0,0
665,vivillon,0,0,0,0,0,0,0,0,0,0,0,0,1,0,0,1,0,0
666,litleo,0,1,0,0,0,0,0,0,0,0,0,0,0,0,1,0,0,0
667,pyroar,0,1,0,0,0,0,0,0,0,0,0,0,0,0,1,0,0,0
668,flabebe,0,0,0,1,0,0,0,0,0,0,0,0,0,0,0,0,0,0
669,floette,0,0,0,1,0,0,0,0,0,0,0,0,0,0,0,0,0,0
670,florges,0,0,0,1,0,0,0,0,0,0,0,0,0,0,0,0,0,0
671,skiddo,1,0,0,0,0,0,0,0,0,0,0,0,0,0,0,0,0,0
672,gogoat,1,0,0,0,0,0,0,0,0,0,0,0,0,0,0,0,0,0
673,pancham,0,0,0,0,0,0,0,0,0,0,0,0,0,0,0,0,0,1
674,pangoro,0,0,1,0,0,0,0,0,0,0,0,0,0,0,0,0,0,1
675,furfrou,0,0,0,0,0,0,0,0,0,0,0,0,0,0,1,0,0,0
676,espurr,0,0,0,0,0,0,0,0,0,0,1,0,0,0,0,0,0,0
677,meowstic,0,0,0,0,0,0,0,0,0,0,1,0,0,0,0,0,0,0
678,honedge,0,0,0,0,0,0,0,1,0,0,0,0,0,1,0,0,0,0
679,doublade,0,0,0,0,0,0,0,1,0,0,0,0,0,1,0,0,0,0
680,aegislash,0,0,0,0,0,0,0,1,0,0,0,0,0,1,0,0,0,0
681,spritzee,0,0,0,1,0,0,0,0,0,0,0,0,0,0,0,0,0,0
682,aromatisse,0,0,0,1,0,0,0,0,0,0,0,0,0,0,0,0,0,0
683,swirlix,0,0,0,1,0,0,0,0,0,0,0,0,0,0,0,0,0,0
684,slurpuff,0,0,0,1,0,0,0,0,0,0,0,0,0,0,0,0,0,0
685,inkay,0,0,1,0,0,0,0,0,0,0,1,0,0,0,0,0,0,0
686,malamar,0,0,1,0,0,0,0,0,0,0,1,0,0,0,0,0,0,0
687,binacle,0,0,0,0,0,0,1,0,0,1,0,0,0,0,0,0,0,0
688,barbaracle,0,0,0,0,0,0,1,0,0,1,0,0,0,0,0,0,0,0
689,skrelp,0,0,0,0,0,0,1,0,0,0,0,1,0,0,0,0,0,0
690,dragalge,0,0,0,0,0,0,0,0,0,0,0,1,0,0,0,0,1,0
691,clauncher,0,0,0,0,0,0,1,0,0,0,0,0,0,0,0,0,0,0
692,clawitzer,0,0,0,0,0,0,1,0,0,0,0,0,0,0,0,0,0,0
693,helioptile,0,0,0,0,0,0,0,0,1,0,0,0,0,0,1,0,0,0
694,heliolisk,0,0,0,0,0,0,0,0,1,0,0,0,0,0,1,0,0,0
695,tyrunt,0,0,0,0,0,0,0,0,0,1,0,0,0,0,0,0,1,0
696,tyrantrum,0,0,0,0,0,0,0,0,0,1,0,0,0,0,0,0,1,0
697,amaura,0,0,0,0,0,1,0,0,0,1,0,0,0,0,0,0,0,0
698,aurorus,0,0,0,0,0,1,0,0,0,1,0,0,0,0,0,0,0,0
699,sylveon,0,0,0,1,0,0,0,0,0,0,0,0,0,0,0,0,0,0
700,hawlucha,0,0,0,0,0,0,0,0,0,0,0,0,1,0,0,0,0,1
701,dedenne,0,0,0,1,0,0,0,0,1,0,0,0,0,0,0,0,0,0
702,carbink,0,0,0,1,0,0,0,0,0,1,0,0,0,0,0,0,0,0
703,goomy,0,0,0,0,0,0,0,0,0,0,0,0,0,0,0,0,1,0
704,sliggoo,0,0,0,0,0,0,0,0,0,0,0,0,0,0,0,0,1,0
705,goodra,0,0,0,0,0,0,0,0,0,0,0,0,0,0,0,0,1,0
706,klefki,0,0,0,1,0,0,0,1,0,0,0,0,0,0,0,0,0,0
707,phantump,1,0,0,0,0,0,0,0,0,0,0,0,0,1,0,0,0,0
708,trevenant,1,0,0,0,0,0,0,0,0,0,0,0,0,1,0,0,0,0
709,pumpkaboo,1,0,0,0,0,0,0,0,0,0,0,0,0,1,0,0,0,0
710,gourgeist,1,0,0,0,0,0,0,0,0,0,0,0,0,1,0,0,0,0
711,bergmite,0,0,0,0,0,1,0,0,0,0,0,0,0,0,0,0,0,0
712,avalugg,0,0,0,0,0,1,0,0,0,0,0,0,0,0,0,0,0,0
713,noibat,0,0,0,0,0,0,0,0,0,0,0,0,1,0,0,0,1,0
714,noivern,0,0,0,0,0,0,0,0,0,0,0,0,1,0,0,0,1,0
715,xerneas,0,0,0,1,0,0,0,0,0,0,0,0,0,0,0,0,0,0
716,yveltal,0,0,1,0,0,0,0,0,0,0,0,0,1,0,0,0,0,0
717,zygarde,0,0,0,0,1,0,0,0,0,0,0,0,0,0,0,0,1,0
718,diancie,0,0,0,1,0,0,0,0,0,1,0,0,0,0,0,0,0,0
719,hoopa,0,0,0,0,0,0,0,0,0,0,1,0,0,1,0,0,0,0
720,volcanion,0,1,0,0,0,0,1,0,0,0,0,0,0,0,0,0,0,0
721,rowlet,1,0,0,0,0,0,0,0,0,0,0,0,1,0,0,0,0,0
722,dartrix,1,0,0,0,0,0,0,0,0,0,0,0,1,0,0,0,0,0
723,decidueye,1,0,0,0,0,0,0,0,0,0,0,0,0,1,0,0,0,0
724,litten,0,1,0,0,0,0,0,0,0,0,0,0,0,0,0,0,0,0
725,torracat,0,1,0,0,0,0,0,0,0,0,0,0,0,0,0,0,0,0
726,incineroar,0,1,1,0,0,0,0,0,0,0,0,0,0,0,0,0,0,0
727,popplio,0,0,0,0,0,0,1,0,0,0,0,0,0,0,0,0,0,0
728,brionne,0,0,0,0,0,0,1,0,0,0,0,0,0,0,0,0,0,0
729,primarina,0,0,0,1,0,0,1,0,0,0,0,0,0,0,0,0,0,0
730,pikipek,0,0,0,0,0,0,0,0,0,0,0,0,1,0,1,0,0,0
731,trumbeak,0,0,0,0,0,0,0,0,0,0,0,0,1,0,1,0,0,0
732,toucannon,0,0,0,0,0,0,0,0,0,0,0,0,1,0,1,0,0,0
733,yungoos,0,0,0,0,0,0,0,0,0,0,0,0,0,0,1,0,0,0
734,gumshoos,0,0,0,0,0,0,0,0,0,0,0,0,0,0,1,0,0,0
735,grubbin,0,0,0,0,0,0,0,0,0,0,0,0,0,0,0,1,0,0
736,charjabug,0,0,0,0,0,0,0,0,1,0,0,0,0,0,0,1,0,0
737,vikavolt,0,0,0,0,0,0,0,0,1,0,0,0,0,0,0,1,0,0
738,crabrawler,0,0,0,0,0,0,0,0,0,0,0,0,0,0,0,0,0,1
739,crabominable,0,0,0,0,0,1,0,0,0,0,0,0,0,0,0,0,0,1
740,oricorio,0,1,0,0,0,0,0,0,0,0,0,0,1,0,0,0,0,0
741,cutiefly,0,0,0,1,0,0,0,0,0,0,0,0,0,0,0,1,0,0
742,ribombee,0,0,0,1,0,0,0,0,0,0,0,0,0,0,0,1,0,0
743,rockruff,0,0,0,0,0,0,0,0,0,1,0,0,0,0,0,0,0,0
744,lycanroc,0,0,0,0,0,0,0,0,0,1,0,0,0,0,0,0,0,0
745,wishiwashi,0,0,0,0,0,0,1,0,0,0,0,0,0,0,0,0,0,0
746,mareanie,0,0,0,0,0,0,1,0,0,0,0,1,0,0,0,0,0,0
747,toxapex,0,0,0,0,0,0,1,0,0,0,0,1,0,0,0,0,0,0
748,mudbray,0,0,0,0,1,0,0,0,0,0,0,0,0,0,0,0,0,0
749,mudsdale,0,0,0,0,1,0,0,0,0,0,0,0,0,0,0,0,0,0
750,dewpider,0,0,0,0,0,0,1,0,0,0,0,0,0,0,0,1,0,0
751,araquanid,0,0,0,0,0,0,1,0,0,0,0,0,0,0,0,1,0,0
752,fomantis,1,0,0,0,0,0,0,0,0,0,0,0,0,0,0,0,0,0
753,lurantis,1,0,0,0,0,0,0,0,0,0,0,0,0,0,0,0,0,0
754,morelull,1,0,0,1,0,0,0,0,0,0,0,0,0,0,0,0,0,0
755,shiinotic,1,0,0,1,0,0,0,0,0,0,0,0,0,0,0,0,0,0
756,salandit,0,1,0,0,0,0,0,0,0,0,0,1,0,0,0,0,0,0
757,salazzle,0,1,0,0,0,0,0,0,0,0,0,1,0,0,0,0,0,0
758,stufful,0,0,0,0,0,0,0,0,0,0,0,0,0,0,1,0,0,1
759,bewear,0,0,0,0,0,0,0,0,0,0,0,0,0,0,1,0,0,1
760,bounsweet,1,0,0,0,0,0,0,0,0,0,0,0,0,0,0,0,0,0
761,steenee,1,0,0,0,0,0,0,0,0,0,0,0,0,0,0,0,0,0
762,tsareena,1,0,0,0,0,0,0,0,0,0,0,0,0,0,0,0,0,0
763,comfey,0,0,0,1,0,0,0,0,0,0,0,0,0,0,0,0,0,0
764,oranguru,0,0,0,0,0,0,0,0,0,0,1,0,0,0,1,0,0,0
765,passimian,0,0,0,0,0,0,0,0,0,0,0,0,0,0,0,0,0,1
766,wimpod,0,0,0,0,0,0,1,0,0,0,0,0,0,0,0,1,0,0
767,golisopod,0,0,0,0,0,0,1,0,0,0,0,0,0,0,0,1,0,0
768,sandygast,0,0,0,0,1,0,0,0,0,0,0,0,0,1,0,0,0,0
769,palossand,0,0,0,0,1,0,0,0,0,0,0,0,0,1,0,0,0,0
770,pyukumuku,0,0,0,0,0,0,1,0,0,0,0,0,0,0,0,0,0,0
771,type-null,0,0,0,0,0,0,0,0,0,0,0,0,0,0,1,0,0,0
772,silvally,0,0,0,0,0,0,0,0,0,0,0,0,0,0,1,0,0,0
773,minior,0,0,0,0,0,0,0,0,0,1,0,0,1,0,0,0,0,0
774,komala,0,0,0,0,0,0,0,0,0,0,0,0,0,0,1,0,0,0
775,turtonator,0,1,0,0,0,0,0,0,0,0,0,0,0,0,0,0,1,0
776,togedemaru,0,0,0,0,0,0,0,1,1,0,0,0,0,0,0,0,0,0
777,mimikyu,0,0,0,1,0,0,0,0,0,0,0,0,0,1,0,0,0,0
778,bruxish,0,0,0,0,0,0,1,0,0,0,1,0,0,0,0,0,0,0
779,drampa,0,0,0,0,0,0,0,0,0,0,0,0,0,0,1,0,1,0
780,dhelmise,1,0,0,0,0,0,0,0,0,0,0,0,0,1,0,0,0,0
781,jangmo-o,0,0,0,0,0,0,0,0,0,0,0,0,0,0,0,0,1,0
782,hakamo-o,0,0,0,0,0,0,0,0,0,0,0,0,0,0,0,0,1,1
783,kommo-o,0,0,0,0,0,0,0,0,0,0,0,0,0,0,0,0,1,1
784,tapu-koko,0,0,0,1,0,0,0,0,1,0,0,0,0,0,0,0,0,0
785,tapu-lele,0,0,0,1,0,0,0,0,0,0,1,0,0,0,0,0,0,0
786,tapu-bulu,1,0,0,1,0,0,0,0,0,0,0,0,0,0,0,0,0,0
787,tapu-fini,0,0,0,1,0,0,1,0,0,0,0,0,0,0,0,0,0,0
788,cosmog,0,0,0,0,0,0,0,0,0,0,1,0,0,0,0,0,0,0
789,cosmoem,0,0,0,0,0,0,0,0,0,0,1,0,0,0,0,0,0,0
790,solgaleo,0,0,0,0,0,0,0,1,0,0,1,0,0,0,0,0,0,0
791,lunala,0,0,0,0,0,0,0,0,0,0,1,0,0,1,0,0,0,0
792,nihilego,0,0,0,0,0,0,0,0,0,1,0,1,0,0,0,0,0,0
793,buzzwole,0,0,0,0,0,0,0,0,0,0,0,0,0,0,0,1,0,1
794,pheromosa,0,0,0,0,0,0,0,0,0,0,0,0,0,0,0,1,0,1
795,xurkitree,0,0,0,0,0,0,0,0,1,0,0,0,0,0,0,0,0,0
796,celesteela,0,0,0,0,0,0,0,1,0,0,0,0,1,0,0,0,0,0
797,kartana,1,0,0,0,0,0,0,1,0,0,0,0,0,0,0,0,0,0
798,guzzlord,0,0,1,0,0,0,0,0,0,0,0,0,0,0,0,0,1,0
799,necrozma,0,0,0,0,0,0,0,0,0,0,1,0,0,0,0,0,0,0
800,magearna,0,0,0,1,0,0,0,1,0,0,0,0,0,0,0,0,0,0
801,marshadow,0,0,0,0,0,0,0,0,0,0,0,0,0,1,0,0,0,1
802,poipole,0,0,0,0,0,0,0,0,0,0,0,1,0,0,0,0,0,0
803,naganadel,0,0,0,0,0,0,0,0,0,0,0,1,0,0,0,0,1,0
804,stakataka,0,0,0,0,0,0,0,1,0,1,0,0,0,0,0,0,0,0
805,blacephalon,0,1,0,0,0,0,0,0,0,0,0,0,0,1,0,0,0,0
806,zeraora,0,0,0,0,0,0,0,0,1,0,0,0,0,0,0,0,0,0
807,meltan,0,0,0,0,0,0,0,1,0,0,0,0,0,0,0,0,0,0
808,melmetal,0,0,0,0,0,0,0,1,0,0,0,0,0,0,0,0,0,0
809,grookey,1,0,0,0,0,0,0,0,0,0,0,0,0,0,0,0,0,0
810,thwackey,1,0,0,0,0,0,0,0,0,0,0,0,0,0,0,0,0,0
811,rillaboom,1,0,0,0,0,0,0,0,0,0,0,0,0,0,0,0,0,0
812,scorbunny,0,1,0,0,0,0,0,0,0,0,0,0,0,0,0,0,0,0
813,raboot,0,1,0,0,0,0,0,0,0,0,0,0,0,0,0,0,0,0
814,cinderace,0,1,0,0,0,0,0,0,0,0,0,0,0,0,0,0,0,0
815,sobble,0,0,0,0,0,0,1,0,0,0,0,0,0,0,0,0,0,0
816,drizzile,0,0,0,0,0,0,1,0,0,0,0,0,0,0,0,0,0,0
817,inteleon,0,0,0,0,0,0,1,0,0,0,0,0,0,0,0,0,0,0
818,skwovet,0,0,0,0,0,0,0,0,0,0,0,0,0,0,1,0,0,0
819,greedent,0,0,0,0,0,0,0,0,0,0,0,0,0,0,1,0,0,0
820,rookidee,0,0,0,0,0,0,0,0,0,0,0,0,1,0,0,0,0,0
821,corvisquire,0,0,0,0,0,0,0,0,0,0,0,0,1,0,0,0,0,0
822,corviknight,0,0,0,0,0,0,0,1,0,0,0,0,1,0,0,0,0,0
823,blipbug,0,0,0,0,0,0,0,0,0,0,0,0,0,0,0,1,0,0
824,dottler,0,0,0,0,0,0,0,0,0,0,1,0,0,0,0,1,0,0
825,orbeetle,0,0,0,0,0,0,0,0,0,0,1,0,0,0,0,1,0,0
826,nickit,0,0,1,0,0,0,0,0,0,0,0,0,0,0,0,0,0,0
827,thievul,0,0,1,0,0,0,0,0,0,0,0,0,0,0,0,0,0,0
828,gossifleur,1,0,0,0,0,0,0,0,0,0,0,0,0,0,0,0,0,0
829,eldegoss,1,0,0,0,0,0,0,0,0,0,0,0,0,0,0,0,0,0
830,wooloo,0,0,0,0,0,0,0,0,0,0,0,0,0,0,1,0,0,0
831,dubwool,0,0,0,0,0,0,0,0,0,0,0,0,0,0,1,0,0,0
832,chewtle,0,0,0,0,0,0,1,0,0,0,0,0,0,0,0,0,0,0
833,drednaw,0,0,0,0,0,0,1,0,0,1,0,0,0,0,0,0,0,0
834,yamper,0,0,0,0,0,0,0,0,1,0,0,0,0,0,0,0,0,0
835,boltund,0,0,0,0,0,0,0,0,1,0,0,0,0,0,0,0,0,0
836,rolycoly,0,0,0,0,0,0,0,0,0,1,0,0,0,0,0,0,0,0
837,carkol,0,1,0,0,0,0,0,0,0,1,0,0,0,0,0,0,0,0
838,coalossal,0,1,0,0,0,0,0,0,0,1,0,0,0,0,0,0,0,0
839,applin,1,0,0,0,0,0,0,0,0,0,0,0,0,0,0,0,1,0
840,flapple,1,0,0,0,0,0,0,0,0,0,0,0,0,0,0,0,1,0
841,appletun,1,0,0,0,0,0,0,0,0,0,0,0,0,0,0,0,1,0
842,silicobra,0,0,0,0,1,0,0,0,0,0,0,0,0,0,0,0,0,0
843,sandaconda,0,0,0,0,1,0,0,0,0,0,0,0,0,0,0,0,0,0
844,cramorant,0,0,0,0,0,0,1,0,0,0,0,0,1,0,0,0,0,0
845,arrokuda,0,0,0,0,0,0,1,0,0,0,0,0,0,0,0,0,0,0
846,barraskewda,0,0,0,0,0,0,1,0,0,0,0,0,0,0,0,0,0,0
847,toxel,0,0,0,0,0,0,0,0,1,0,0,1,0,0,0,0,0,0
848,toxtricity,0,0,0,0,0,0,0,0,1,0,0,1,0,0,0,0,0,0
849,sizzlipede,0,1,0,0,0,0,0,0,0,0,0,0,0,0,0,1,0,0
850,centiskorch,0,1,0,0,0,0,0,0,0,0,0,0,0,0,0,1,0,0
851,clobbopus,0,0,0,0,0,0,0,0,0,0,0,0,0,0,0,0,0,1
852,grapploct,0,0,0,0,0,0,0,0,0,0,0,0,0,0,0,0,0,1
853,sinistea,0,0,0,0,0,0,0,0,0,0,0,0,0,1,0,0,0,0
854,polteageist,0,0,0,0,0,0,0,0,0,0,0,0,0,1,0,0,0,0
855,hatenna,0,0,0,0,0,0,0,0,0,0,1,0,0,0,0,0,0,0
856,hattrem,0,0,0,0,0,0,0,0,0,0,1,0,0,0,0,0,0,0
857,hatterene,0,0,0,1,0,0,0,0,0,0,1,0,0,0,0,0,0,0
858,impidimp,0,0,1,1,0,0,0,0,0,0,0,0,0,0,0,0,0,0
859,morgrem,0,0,1,1,0,0,0,0,0,0,0,0,0,0,0,0,0,0
860,grimmsnarl,0,0,1,1,0,0,0,0,0,0,0,0,0,0,0,0,0,0
861,obstagoon,0,0,1,0,0,0,0,0,0,0,0,0,0,0,1,0,0,0
862,perrserker,0,0,0,0,0,0,0,1,0,0,0,0,0,0,0,0,0,0
863,cursola,0,0,0,0,0,0,0,0,0,0,0,0,0,1,0,0,0,0
864,sirfetchd,0,0,0,0,0,0,0,0,0,0,0,0,0,0,0,0,0,1
865,mr-rime,0,0,0,0,0,1,0,0,0,0,1,0,0,0,0,0,0,0
866,runerigus,0,0,0,0,1,0,0,0,0,0,0,0,0,1,0,0,0,0
867,milcery,0,0,0,1,0,0,0,0,0,0,0,0,0,0,0,0,0,0
868,alcremie,0,0,0,1,0,0,0,0,0,0,0,0,0,0,0,0,0,0
869,falinks,0,0,0,0,0,0,0,0,0,0,0,0,0,0,0,0,0,1
870,pincurchin,0,0,0,0,0,0,0,0,1,0,0,0,0,0,0,0,0,0
871,snom,0,0,0,0,0,1,0,0,0,0,0,0,0,0,0,1,0,0
872,frosmoth,0,0,0,0,0,1,0,0,0,0,0,0,0,0,0,1,0,0
873,stonjourner,0,0,0,0,0,0,0,0,0,1,0,0,0,0,0,0,0,0
874,eiscue,0,0,0,0,0,1,0,0,0,0,0,0,0,0,0,0,0,0
875,indeedee,0,0,0,0,0,0,0,0,0,0,1,0,0,0,1,0,0,0
876,morpeko,0,0,1,0,0,0,0,0,1,0,0,0,0,0,0,0,0,0
877,cufant,0,0,0,0,0,0,0,1,0,0,0,0,0,0,0,0,0,0
878,copperajah,0,0,0,0,0,0,0,1,0,0,0,0,0,0,0,0,0,0
879,dracozolt,0,0,0,0,0,0,0,0,1,0,0,0,0,0,0,0,1,0
880,arctozolt,0,0,0,0,0,1,0,0,1,0,0,0,0,0,0,0,0,0
881,dracovish,0,0,0,0,0,0,1,0,0,0,0,0,0,0,0,0,1,0
882,arctovish,0,0,0,0,0,1,1,0,0,0,0,0,0,0,0,0,0,0
883,duraludon,0,0,0,0,0,0,0,1,0,0,0,0,0,0,0,0,1,0
884,dreepy,0,0,0,0,0,0,0,0,0,0,0,0,0,1,0,0,1,0
885,drakloak,0,0,0,0,0,0,0,0,0,0,0,0,0,1,0,0,1,0
886,dragapult,0,0,0,0,0,0,0,0,0,0,0,0,0,1,0,0,1,0
887,zacian,0,0,0,1,0,0,0,1,0,0,0,0,0,0,0,0,0,0
888,zamazenta,0,0,0,0,0,0,0,1,0,0,0,0,0,0,0,0,0,1
889,eternatus,0,0,0,0,0,0,0,0,0,0,0,1,0,0,0,0,1,0
890,kubfu,0,0,0,0,0,0,0,0,0,0,0,0,0,0,0,0,0,1
891,urshifu,0,0,1,0,0,0,0,0,0,0,0,0,0,0,0,0,0,1
892,zarude,1,0,1,0,0,0,0,0,0,0,0,0,0,0,0,0,0,0
893,regieleki,0,0,0,0,0,0,0,0,1,0,0,0,0,0,0,0,0,0
894,regidrago,0,0,0,0,0,0,0,0,0,0,0,0,0,0,0,0,1,0
895,glastrier,0,0,0,0,0,1,0,0,0,0,0,0,0,0,0,0,0,0
896,spectrier,0,0,0,0,0,0,0,0,0,0,0,0,0,1,0,0,0,0
897,calyrex,1,0,0,0,0,0,0,0,0,0,1,0,0,0,0,0,0,0
